RANK	DB	ID	ALT_ID	CONSENSUS	TP	TP%	FP	FP%	ENR_RATIO	SCORE_THR	PVALUE	LOG_PVALUE	EVALUE	LOG_EVALUE	QVALUE	LOG_QVALUE
1	motif_db/MOUSE/HOCOMOCOv11_full_MOUSE_mono_meme_format.meme	HNF1B_MOUSE.H11MO.0.A		RGTTAATRATTAACH	398	34.97	153	13.44	2.59	9.2	5.06e-34	-76.67	2.69e-31	-70.39	1.24e-31	-71.16
2	motif_db/MOUSE/HOCOMOCOv11_full_MOUSE_mono_meme_format.meme	MAZ_MOUSE.H11MO.0.A		GGGGGAGGGGGDGRGRRRGRRG	277	24.34	90	7.91	3.05	12	1.51e-27	-61.76	8.03e-25	-55.48	1.86e-25	-56.95
3	motif_db/MOUSE/HOCOMOCOv11_full_MOUSE_mono_meme_format.meme	HNF1B_MOUSE.H11MO.1.A		HWRGTTAATSATT	287	25.22	100	8.79	2.85	11	2.29e-26	-59.04	1.21e-23	-52.77	1.87e-24	-54.63
4	motif_db/MOUSE/HOCOMOCOv11_full_MOUSE_mono_meme_format.meme	HNF1A_MOUSE.H11MO.0.A		RGTTAATMWTTAMCM	298	26.19	110	9.67	2.69	10	1.55e-25	-57.12	8.24e-23	-50.85	9.53e-24	-53.01
5	motif_db/MOUSE/HOCOMOCOv11_full_MOUSE_mono_meme_format.meme	WT1_MOUSE.H11MO.0.B		RGGVGGGGGAGGRGGVGGRG	354	31.11	158	13.88	2.23	8.9	2.37e-23	-52.10	1.26e-20	-45.82	1.16e-21	-48.20
6	motif_db/MOUSE/HOCOMOCOv11_full_MOUSE_mono_meme_format.meme	SP5_MOUSE.H11MO.0.C		RRGGRGGRGGRGRRGGGGGAGGRG	209	18.37	65	5.71	3.18	13	2.38e-21	-47.49	1.26e-18	-41.21	9.73e-20	-43.78
7	motif_db/MOUSE/HOCOMOCOv11_full_MOUSE_mono_meme_format.meme	ZN281_MOUSE.H11MO.0.A		GGGGTGGGGGAGGGG	458	40.25	253	22.23	1.81	0.83	8.91e-21	-46.17	4.73e-18	-39.89	3.13e-19	-42.61
8	motif_db/MOUSE/HOCOMOCOv11_full_MOUSE_mono_meme_format.meme	SP1_MOUSE.H11MO.0.A		GGVGGGGGVGGGGGMGGGGCSGGG	498	43.76	300	26.36	1.66	4.9	1.86e-18	-40.83	9.86e-16	-34.55	5.70e-17	-37.40
9	motif_db/MOUSE/HOCOMOCOv11_full_MOUSE_mono_meme_format.meme	NR6A1_MOUSE.H11MO.0.D		AAGKYCAAGKTCA	412	36.20	232	20.39	1.77	9	2.85e-17	-38.10	1.51e-14	-31.82	7.78e-16	-34.79
10	motif_db/MOUSE/HOCOMOCOv11_full_MOUSE_mono_meme_format.meme	ZBT17_MOUSE.H11MO.0.A		GGSGGHGGGGGAGGGGMGG	518	45.52	330	29.00	1.57	6.5	2.11e-16	-36.09	1.12e-13	-29.82	5.18e-15	-32.89
11	motif_db/MOUSE/HOCOMOCOv11_full_MOUSE_mono_meme_format.meme	HNF4G_MOUSE.H11MO.0.C		VRGKBCAAAGKYCA	559	49.12	370	32.51	1.51	7.5	4.52e-16	-35.33	2.40e-13	-29.06	9.32e-15	-32.31
12	motif_db/MOUSE/HOCOMOCOv11_full_MOUSE_mono_meme_format.meme	EGR2_MOUSE.H11MO.1.A		RKGHGKGGGHGGRRGDGG	599	52.64	408	35.85	1.47	7.2	4.55e-16	-35.33	2.42e-13	-29.05	9.32e-15	-32.31
13	motif_db/MOUSE/HOCOMOCOv11_full_MOUSE_mono_meme_format.meme	KLF15_MOUSE.H11MO.0.A		RGGGMGGRGVDGGGGGRGG	722	63.44	534	46.92	1.35	4.2	1.39e-15	-34.21	7.37e-13	-27.94	2.62e-14	-31.27
14	motif_db/MOUSE/HOCOMOCOv11_full_MOUSE_mono_meme_format.meme	SALL1_MOUSE.H11MO.0.D		DGGRGGSWGGGGSRRGS	508	44.64	333	29.26	1.52	8.8	1.77e-14	-31.66	9.41e-12	-25.39	3.01e-13	-28.83
15	motif_db/MOUSE/HOCOMOCOv11_full_MOUSE_mono_meme_format.meme	SP3_MOUSE.H11MO.0.B		SGVVGGGGGCGGGGCBRGSS	222	19.51	97	8.52	2.28	12	1.84e-14	-31.63	9.77e-12	-25.35	3.01e-13	-28.83
16	motif_db/MOUSE/HOCOMOCOv11_full_MOUSE_mono_meme_format.meme	NR1H3_MOUSE.H11MO.0.A		SWGGBCARAGKTCAS	857	75.31	694	60.98	1.23	7	1.33e-13	-29.65	7.04e-11	-23.38	2.03e-12	-26.92
17	motif_db/MOUSE/HOCOMOCOv11_full_MOUSE_mono_meme_format.meme	IRF3_MOUSE.H11MO.0.A		RAAARGGAAAVDGAAASDGA	774	68.01	605	53.16	1.28	5.8	2.55e-13	-29.00	1.35e-10	-22.72	3.69e-12	-26.33
18	motif_db/MOUSE/HOCOMOCOv11_full_MOUSE_mono_meme_format.meme	EGR2_MOUSE.H11MO.0.A		KGHGTGGGHGGGGG	498	43.76	332	29.17	1.5	7.6	2.94e-13	-28.85	1.56e-10	-22.58	4.02e-12	-26.24
19	motif_db/MOUSE/HOCOMOCOv11_full_MOUSE_mono_meme_format.meme	SP2_MOUSE.H11MO.0.B		GGSSVGGGGGCGGGGCCDGSGS	772	67.84	605	53.16	1.28	2.9	4.90e-13	-28.34	2.60e-10	-22.07	6.33e-12	-25.79
20	motif_db/MOUSE/HOCOMOCOv11_full_MOUSE_mono_meme_format.meme	MAZ_MOUSE.H11MO.1.A		RRGGGAGGGGS	473	41.56	312	27.42	1.51	7.8	7.54e-13	-27.91	4.00e-10	-21.64	9.26e-12	-25.41
21	motif_db/MOUSE/HOCOMOCOv11_full_MOUSE_mono_meme_format.meme	STAT1_MOUSE.H11MO.0.A		RRRAAAHWGAAASTVAARVARR	951	83.57	811	71.27	1.17	4.4	1.26e-12	-27.40	6.70e-10	-21.12	1.48e-11	-24.94
22	motif_db/MOUSE/HOCOMOCOv11_full_MOUSE_mono_meme_format.meme	ZN148_MOUSE.H11MO.0.D		KGRGKGGGGGAGGGG	545	47.89	381	33.48	1.43	6.4	1.60e-12	-27.16	8.47e-10	-20.89	1.75e-11	-24.77
23	motif_db/MOUSE/HOCOMOCOv11_full_MOUSE_mono_meme_format.meme	ZFHX3_MOUSE.H11MO.0.D		ATTAWTAATTA	343	30.14	201	17.66	1.7	8	1.70e-12	-27.10	9.00e-10	-20.83	1.75e-11	-24.77
24	motif_db/MOUSE/HOCOMOCOv11_full_MOUSE_mono_meme_format.meme	SP4_MOUSE.H11MO.0.B		SRGVARGRGGCGGRGCHDRR	753	66.17	589	51.76	1.28	5.6	1.71e-12	-27.10	9.06e-10	-20.82	1.75e-11	-24.77
25	motif_db/MOUSE/HOCOMOCOv11_full_MOUSE_mono_meme_format.meme	HLF_MOUSE.H11MO.0.C		DGTTRCAYAAS	125	10.98	40	3.51	3.07	12	1.99e-12	-26.94	1.06e-9	-20.67	1.96e-11	-24.66
26	motif_db/MOUSE/HOCOMOCOv11_full_MOUSE_mono_meme_format.meme	EGR1_MOUSE.H11MO.0.A		GKGCGKGGGCGGGG	338	29.70	199	17.49	1.7	7	3.89e-12	-26.27	2.07e-9	-20.00	3.68e-11	-24.03
27	motif_db/MOUSE/HOCOMOCOv11_full_MOUSE_mono_meme_format.meme	SP5_MOUSE.H11MO.1.C		GRRGDGGGAGGRG	153	13.44	59	5.18	2.57	12	4.87e-12	-26.05	2.59e-9	-19.77	4.43e-11	-23.84
28	motif_db/MOUSE/HOCOMOCOv11_full_MOUSE_mono_meme_format.meme	FLI1_MOUSE.H11MO.1.A		SRRRRRSAGGAAGBRRRRV	472	41.48	317	27.86	1.49	7.7	5.27e-12	-25.97	2.80e-9	-19.69	4.62e-11	-23.80
29	motif_db/MOUSE/HOCOMOCOv11_full_MOUSE_mono_meme_format.meme	ERR3_MOUSE.H11MO.0.C		YCAAGGTCAC	787	69.16	631	55.45	1.25	6.7	9.23e-12	-25.41	4.90e-9	-19.13	7.82e-11	-23.27
30	motif_db/MOUSE/HOCOMOCOv11_full_MOUSE_mono_meme_format.meme	SP1_MOUSE.H11MO.1.A		GGGGGCGGGGC	370	32.51	230	20.21	1.61	9.2	1.62e-11	-24.85	8.58e-9	-18.57	1.32e-10	-22.75
31	motif_db/MOUSE/HOCOMOCOv11_full_MOUSE_mono_meme_format.meme	NR5A2_MOUSE.H11MO.0.A		KBYCAAGGYCA	466	40.95	318	27.94	1.46	8.1	4.06e-11	-23.93	2.16e-8	-17.65	3.15e-10	-21.88
32	motif_db/MOUSE/HOCOMOCOv11_full_MOUSE_mono_meme_format.meme	ERR2_MOUSE.H11MO.0.A		RAGTTCAAGGTCAYMYW	407	35.76	265	23.29	1.53	7.2	4.10e-11	-23.92	2.18e-8	-17.64	3.15e-10	-21.88
33	motif_db/MOUSE/HOCOMOCOv11_full_MOUSE_mono_meme_format.meme	KLF6_MOUSE.H11MO.0.B		GSRRGGGHGGGGMHGGGRV	143	12.57	56	4.92	2.53	13	4.68e-11	-23.78	2.49e-8	-17.51	3.48e-10	-21.78
34	motif_db/MOUSE/HOCOMOCOv11_full_MOUSE_mono_meme_format.meme	ESR1_MOUSE.H11MO.1.A		CHRGGTCASV	285	25.04	162	14.24	1.75	10	4.91e-11	-23.74	2.61e-8	-17.46	3.55e-10	-21.76
35	motif_db/MOUSE/HOCOMOCOv11_full_MOUSE_mono_meme_format.meme	STF1_MOUSE.H11MO.0.B		SYYCAAGGYCA	592	52.02	438	38.49	1.35	7.8	5.48e-11	-23.63	2.91e-8	-17.35	3.84e-10	-21.68
36	motif_db/MOUSE/HOCOMOCOv11_full_MOUSE_mono_meme_format.meme	COT2_MOUSE.H11MO.1.B		VAGGTCAARGGTCAM	737	64.76	585	51.41	1.26	7.4	6.59e-11	-23.44	3.50e-8	-17.17	4.49e-10	-21.52
37	motif_db/MOUSE/HOCOMOCOv11_full_MOUSE_mono_meme_format.meme	ERR1_MOUSE.H11MO.0.A		WGBTCAAGGTCA	275	24.17	155	13.62	1.77	8	7.49e-11	-23.32	3.98e-8	-17.04	4.89e-10	-21.44
38	motif_db/MOUSE/HOCOMOCOv11_full_MOUSE_mono_meme_format.meme	FOXJ2_MOUSE.H11MO.0.C		TGTTTRTTTW	725	63.71	573	50.35	1.26	4.5	7.57e-11	-23.30	4.02e-8	-17.03	4.89e-10	-21.44
39	motif_db/MOUSE/HOCOMOCOv11_full_MOUSE_mono_meme_format.meme	FOXJ3_MOUSE.H11MO.0.A		TTGTTTATKKTTW	702	61.69	552	48.51	1.27	0.26	1.60e-10	-22.55	8.52e-8	-16.28	1.01e-9	-20.71
40	motif_db/MOUSE/HOCOMOCOv11_full_MOUSE_mono_meme_format.meme	KLF5_MOUSE.H11MO.0.A		RGGGSWGGGHGGGGC	760	66.78	616	54.13	1.23	5.3	4.12e-10	-21.61	2.19e-7	-15.34	2.53e-9	-19.80
41	motif_db/MOUSE/HOCOMOCOv11_full_MOUSE_mono_meme_format.meme	RXRA_MOUSE.H11MO.0.A		RRGRKSRDRAGKTCAAGGYCA	430	37.79	293	25.75	1.47	7.3	4.22e-10	-21.59	2.24e-7	-15.31	2.53e-9	-19.80
42	motif_db/MOUSE/HOCOMOCOv11_full_MOUSE_mono_meme_format.meme	PURA_MOUSE.H11MO.0.D		GGWRKKGGDGGGCVKGG	263	23.11	150	13.18	1.75	10	4.61e-10	-21.50	2.45e-7	-15.22	2.70e-9	-19.73
43	motif_db/MOUSE/HOCOMOCOv11_full_MOUSE_mono_meme_format.meme	IRF1_MOUSE.H11MO.0.A		RRAANWGAAASTGAAASYRR	602	52.90	456	40.07	1.32	2.9	5.24e-10	-21.37	2.78e-7	-15.10	2.99e-9	-19.63
44	motif_db/MOUSE/HOCOMOCOv11_full_MOUSE_mono_meme_format.meme	RREB1_MOUSE.H11MO.0.D		DKGKKKGKGGKTGKTTTGGGKT	271	23.81	157	13.80	1.72	7.2	5.63e-10	-21.30	2.99e-7	-15.02	3.14e-9	-19.58
45	motif_db/MOUSE/HOCOMOCOv11_full_MOUSE_mono_meme_format.meme	NR4A3_MOUSE.H11MO.0.D		CAAAGGTCAS	403	35.41	270	23.73	1.49	6.5	6.10e-10	-21.22	3.24e-7	-14.94	3.33e-9	-19.52
46	motif_db/MOUSE/HOCOMOCOv11_full_MOUSE_mono_meme_format.meme	ARI3A_MOUSE.H11MO.0.D		RATTAAWBRRWATCAAAWTWWA	220	19.33	117	10.28	1.87	7.9	6.83e-10	-21.10	3.63e-7	-14.83	3.65e-9	-19.43
47	motif_db/MOUSE/HOCOMOCOv11_full_MOUSE_mono_meme_format.meme	FOXF1_MOUSE.H11MO.0.D		WTGTTTATTTW	634	55.71	489	42.97	1.3	5.8	7.46e-10	-21.02	3.96e-7	-14.74	3.90e-9	-19.36
48	motif_db/MOUSE/HOCOMOCOv11_full_MOUSE_mono_meme_format.meme	FOXF2_MOUSE.H11MO.0.D		TGTTTACHTWD	252	22.14	145	12.74	1.73	10	2.00e-9	-20.03	1.06e-6	-13.75	1.02e-8	-18.40
49	motif_db/MOUSE/HOCOMOCOv11_full_MOUSE_mono_meme_format.meme	HNF4A_MOUSE.H11MO.0.A		VRGKYCAAAGTCCA	794	69.77	659	57.91	1.2	5.5	2.38e-9	-19.86	1.26e-6	-13.58	1.19e-8	-18.25
50	motif_db/MOUSE/HOCOMOCOv11_full_MOUSE_mono_meme_format.meme	KLF1_MOUSE.H11MO.0.A		DGGGYGKGGCYGGG	97	8.52	33	2.90	2.88	14	3.28e-9	-19.54	1.74e-6	-13.26	1.61e-8	-17.94
51	motif_db/MOUSE/HOCOMOCOv11_full_MOUSE_mono_meme_format.meme	SP2_MOUSE.H11MO.1.C		RGGRGGCGGGGC	520	45.69	384	33.74	1.35	6.8	3.49e-9	-19.47	1.86e-6	-13.20	1.68e-8	-17.90
52	motif_db/MOUSE/HOCOMOCOv11_full_MOUSE_mono_meme_format.meme	SALL4_MOUSE.H11MO.0.A		GSDGGGWGGG	702	61.69	568	49.91	1.24	7.7	9.54e-9	-18.47	5.06e-6	-12.19	4.51e-8	-16.92
53	motif_db/MOUSE/HOCOMOCOv11_full_MOUSE_mono_meme_format.meme	COT1_MOUSE.H11MO.0.B		CAAAGGTCA	229	20.12	131	11.51	1.74	10	1.07e-8	-18.35	5.68e-6	-12.08	4.96e-8	-16.82
54	motif_db/MOUSE/HOCOMOCOv11_full_MOUSE_mono_meme_format.meme	RARA_MOUSE.H11MO.1.A		GGRRGRTSMRRAGKTCAAGG	580	50.97	448	39.37	1.29	6.7	1.66e-8	-17.91	8.81e-6	-11.64	7.54e-8	-16.40
55	motif_db/MOUSE/HOCOMOCOv11_full_MOUSE_mono_meme_format.meme	RXRG_MOUSE.H11MO.0.B		GRGGRTCARRAGKTCAAGGTCA	600	52.72	468	41.12	1.28	3.8	1.81e-8	-17.83	9.62e-6	-11.55	8.09e-8	-16.33
56	motif_db/MOUSE/HOCOMOCOv11_full_MOUSE_mono_meme_format.meme	KLF3_MOUSE.H11MO.0.A		GGRGVDGGGCGGGGCYGGG	190	16.70	102	8.96	1.85	11	2.03e-8	-17.71	1.08e-5	-11.44	8.90e-8	-16.23
57	motif_db/MOUSE/HOCOMOCOv11_full_MOUSE_mono_meme_format.meme	IRF2_MOUSE.H11MO.0.B		RAAAVHGAAAGTGAAASTRV	578	50.79	447	39.28	1.29	2.9	2.09e-8	-17.68	1.11e-5	-11.41	9.01e-8	-16.22
58	motif_db/MOUSE/HOCOMOCOv11_full_MOUSE_mono_meme_format.meme	RARG_MOUSE.H11MO.0.C		RGGTCASVRTGVCMTGRV	547	48.07	419	36.82	1.3	7.6	3.48e-8	-17.17	1.85e-5	-10.90	1.45e-7	-15.74
59	motif_db/MOUSE/HOCOMOCOv11_full_MOUSE_mono_meme_format.meme	RARA_MOUSE.H11MO.0.A		GGRTCARRAGTTCAAGGTCA	763	67.05	637	55.98	1.2	2	3.49e-8	-17.17	1.85e-5	-10.90	1.45e-7	-15.74
60	motif_db/MOUSE/HOCOMOCOv11_full_MOUSE_mono_meme_format.meme	FOXJ3_MOUSE.H11MO.1.B		TKKTTWWTGTTTA	217	19.07	125	10.98	1.73	9.6	4.05e-8	-17.02	2.15e-5	-10.75	1.66e-7	-15.61
61	motif_db/MOUSE/HOCOMOCOv11_full_MOUSE_mono_meme_format.meme	EGR3_MOUSE.H11MO.0.D		WGAGTGGGYGT	383	33.66	267	23.46	1.43	7.9	4.47e-8	-16.92	2.37e-5	-10.65	1.80e-7	-15.53
62	motif_db/MOUSE/HOCOMOCOv11_full_MOUSE_mono_meme_format.meme	NR4A2_MOUSE.H11MO.0.C		AAAGGTCAS	498	43.76	374	32.86	1.33	8.1	5.49e-8	-16.72	2.91e-5	-10.44	2.17e-7	-15.34
63	motif_db/MOUSE/HOCOMOCOv11_full_MOUSE_mono_meme_format.meme	STAT2_MOUSE.H11MO.0.A		RRGRAAAHGAAACTGAAAV	737	64.76	612	53.78	1.2	3.4	5.92e-8	-16.64	3.14e-5	-10.37	2.31e-7	-15.28
64	motif_db/MOUSE/HOCOMOCOv11_full_MOUSE_mono_meme_format.meme	FOXA3_MOUSE.H11MO.0.A		CHTGTTTACWTWG	326	28.65	218	19.16	1.49	9	6.75e-8	-16.51	3.58e-5	-10.24	2.59e-7	-15.17
65	motif_db/MOUSE/HOCOMOCOv11_full_MOUSE_mono_meme_format.meme	FOXA2_MOUSE.H11MO.0.A		YBYTGTTTACWYW	225	19.77	133	11.69	1.69	9.8	7.09e-8	-16.46	3.77e-5	-10.19	2.68e-7	-15.13
66	motif_db/MOUSE/HOCOMOCOv11_full_MOUSE_mono_meme_format.meme	STAT1_MOUSE.H11MO.1.A		TSRTTTCYRRGAAAWSRAAAS	391	34.36	276	24.25	1.42	8	7.23e-8	-16.44	3.84e-5	-10.17	2.69e-7	-15.13
67	motif_db/MOUSE/HOCOMOCOv11_full_MOUSE_mono_meme_format.meme	SP4_MOUSE.H11MO.1.B		GRRRGGGGMGGGGCBK	877	77.07	765	67.22	1.15	3	9.97e-8	-16.12	5.29e-5	-9.85	3.65e-7	-14.82
68	motif_db/MOUSE/HOCOMOCOv11_full_MOUSE_mono_meme_format.meme	RXRA_MOUSE.H11MO.1.A		RGRDSRKSARRAGKTCAAGGYC	809	71.09	694	60.98	1.17	5.1	2.18e-7	-15.34	1.16e-4	-9.06	7.88e-7	-14.05
69	motif_db/MOUSE/HOCOMOCOv11_full_MOUSE_mono_meme_format.meme	FOXD3_MOUSE.H11MO.0.C		KBTGTTTNCWTWRBH	433	38.05	320	28.12	1.35	8.6	2.92e-7	-15.05	1.55e-4	-8.77	1.04e-6	-13.78
70	motif_db/MOUSE/HOCOMOCOv11_full_MOUSE_mono_meme_format.meme	ESR2_MOUSE.H11MO.1.A		RGGTCAGV	186	16.34	107	9.40	1.73	11	4.63e-7	-14.59	2.46e-4	-8.31	1.63e-6	-13.33
71	motif_db/MOUSE/HOCOMOCOv11_full_MOUSE_mono_meme_format.meme	EGR4_MOUSE.H11MO.0.D		GGSGGYRGGGM	465	40.86	352	30.93	1.32	5.9	4.80e-7	-14.55	2.55e-4	-8.27	1.66e-6	-13.31
72	motif_db/MOUSE/HOCOMOCOv11_full_MOUSE_mono_meme_format.meme	NR2C2_MOUSE.H11MO.0.A		RGGTCARAGGTCA	966	84.89	876	76.98	1.1	6	9.58e-7	-13.86	5.09e-4	-7.58	3.27e-6	-12.63
73	motif_db/MOUSE/HOCOMOCOv11_full_MOUSE_mono_meme_format.meme	FOXC1_MOUSE.H11MO.0.C		CDWTGTTTACTTWRG	590	51.85	476	41.83	1.24	2.6	1.01e-6	-13.80	5.39e-4	-7.53	3.41e-6	-12.59
74	motif_db/MOUSE/HOCOMOCOv11_full_MOUSE_mono_meme_format.meme	NR1H4_MOUSE.H11MO.0.A		RRGGKCAVTGRCCBSGVGG	693	60.90	581	51.05	1.19	5.5	1.36e-6	-13.51	7.23e-4	-7.23	4.52e-6	-12.31
75	motif_db/MOUSE/HOCOMOCOv11_full_MOUSE_mono_meme_format.meme	FOXL2_MOUSE.H11MO.0.C		TGTTTAYATTW	312	27.42	217	19.07	1.44	9.5	1.48e-6	-13.43	7.83e-4	-7.15	4.83e-6	-12.24
76	motif_db/MOUSE/HOCOMOCOv11_full_MOUSE_mono_meme_format.meme	NR1H3_MOUSE.H11MO.2.A		MVAGGTCAVR	674	59.23	563	49.47	1.2	8	1.81e-6	-13.22	9.59e-4	-6.95	5.84e-6	-12.05
77	motif_db/MOUSE/HOCOMOCOv11_full_MOUSE_mono_meme_format.meme	PPARG_MOUSE.H11MO.0.A		AWSTRGGKCAAAGGKCA	756	66.43	648	56.94	1.17	6.6	1.94e-6	-13.15	1.03e-3	-6.88	6.19e-6	-11.99
78	motif_db/MOUSE/HOCOMOCOv11_full_MOUSE_mono_meme_format.meme	KLF4_MOUSE.H11MO.0.A		KRRRVWGGGTGKGGC	613	53.87	503	44.20	1.22	7.4	2.40e-6	-12.94	1.27e-3	-6.67	7.54e-6	-11.79
79	motif_db/MOUSE/HOCOMOCOv11_full_MOUSE_mono_meme_format.meme	SOX4_MOUSE.H11MO.0.A		BYCTTTGTYYYB	919	80.76	826	72.58	1.11	6	2.46e-6	-12.92	1.31e-3	-6.64	7.65e-6	-11.78
80	motif_db/MOUSE/HOCOMOCOv11_full_MOUSE_mono_meme_format.meme	PO3F2_MOUSE.H11MO.0.A		YWCATGMATATKCATA	198	17.40	123	10.81	1.6	9.2	3.86e-6	-12.47	2.05e-3	-6.19	1.18e-5	-11.34
81	motif_db/MOUSE/HOCOMOCOv11_full_MOUSE_mono_meme_format.meme	NR1D2_MOUSE.H11MO.0.A		RRRDAWGTRRGTCASDRRR	759	66.70	655	57.56	1.16	6.8	4.20e-6	-12.38	2.23e-3	-6.11	1.27e-5	-11.27
82	motif_db/MOUSE/HOCOMOCOv11_full_MOUSE_mono_meme_format.meme	ELF5_MOUSE.H11MO.0.A		RGAAGRAGGAAGWRRRR	832	73.11	733	64.41	1.13	4.1	4.56e-6	-12.30	2.42e-3	-6.02	1.36e-5	-11.20
83	motif_db/MOUSE/HOCOMOCOv11_full_MOUSE_mono_meme_format.meme	STA5B_MOUSE.H11MO.0.A		YTTCYKRGAAAY	468	41.12	367	32.25	1.27	7.9	6.72e-6	-11.91	3.57e-3	-5.64	1.99e-5	-10.83
84	motif_db/MOUSE/HOCOMOCOv11_full_MOUSE_mono_meme_format.meme	PO3F1_MOUSE.H11MO.0.C		CTCATGMATATKYAWD	774	68.01	675	59.31	1.15	6	9.58e-6	-11.56	5.09e-3	-5.28	2.80e-5	-10.48
85	motif_db/MOUSE/HOCOMOCOv11_full_MOUSE_mono_meme_format.meme	WT1_MOUSE.H11MO.1.A		GWGGGAGGAGS	405	35.59	310	27.24	1.31	9.2	1.07e-5	-11.44	5.70e-3	-5.17	3.10e-5	-10.38
86	motif_db/MOUSE/HOCOMOCOv11_full_MOUSE_mono_meme_format.meme	E2F1_MOUSE.H11MO.0.A		GRGGGCGGGRMV	620	54.48	520	45.69	1.19	6	1.64e-5	-11.02	8.72e-3	-4.74	4.69e-5	-9.97
87	motif_db/MOUSE/HOCOMOCOv11_full_MOUSE_mono_meme_format.meme	PPARD_MOUSE.H11MO.0.D		YAGGNBAAAGGTCA	329	28.91	243	21.35	1.35	8.8	1.95e-5	-10.84	1.04e-2	-4.57	5.45e-5	-9.82
88	motif_db/MOUSE/HOCOMOCOv11_full_MOUSE_mono_meme_format.meme	ESR1_MOUSE.H11MO.0.A		RGGTCASMSTGACCY	207	18.19	136	11.95	1.52	9.4	1.95e-5	-10.84	1.04e-2	-4.57	5.45e-5	-9.82
89	motif_db/MOUSE/HOCOMOCOv11_full_MOUSE_mono_meme_format.meme	FOXM1_MOUSE.H11MO.0.B		TGTTTRCTYWKB	944	82.95	866	76.10	1.09	6.1	3.08e-5	-10.39	1.63e-2	-4.11	8.49e-5	-9.37
90	motif_db/MOUSE/HOCOMOCOv11_full_MOUSE_mono_meme_format.meme	PRDM1_MOUSE.H11MO.0.A		RAAAGTGAAAGTGR	586	51.49	490	43.06	1.2	6.5	3.29e-5	-10.32	1.75e-2	-4.05	8.99e-5	-9.32
91	motif_db/MOUSE/HOCOMOCOv11_full_MOUSE_mono_meme_format.meme	FOS_MOUSE.H11MO.0.A		SDRTGAGTCAYC	657	57.73	562	49.38	1.17	0.073	3.86e-5	-10.16	2.05e-2	-3.89	1.04e-4	-9.17
92	motif_db/MOUSE/HOCOMOCOv11_full_MOUSE_mono_meme_format.meme	NR1I3_MOUSE.H11MO.1.D		RAGKTCAB	344	30.23	260	22.85	1.32	10	3.99e-5	-10.13	2.12e-2	-3.85	1.07e-4	-9.15
93	motif_db/MOUSE/HOCOMOCOv11_full_MOUSE_mono_meme_format.meme	TLX1_MOUSE.H11MO.0.D		YYGGYAMBDDGCCAAGR	470	41.30	379	33.30	1.24	8.2	4.74e-5	-9.96	2.52e-2	-3.68	1.25e-4	-8.99
94	motif_db/MOUSE/HOCOMOCOv11_full_MOUSE_mono_meme_format.meme	PO3F2_MOUSE.H11MO.1.A		RTSTCATGMATATTCAW	473	41.56	382	33.57	1.24	4.6	4.85e-5	-9.93	2.58e-2	-3.66	1.27e-4	-8.97
95	motif_db/MOUSE/HOCOMOCOv11_full_MOUSE_mono_meme_format.meme	HXB7_MOUSE.H11MO.0.C		TTGATTRATK	304	26.71	225	19.77	1.35	5.9	5.31e-5	-9.84	2.82e-2	-3.57	1.37e-4	-8.89
96	motif_db/MOUSE/HOCOMOCOv11_full_MOUSE_mono_meme_format.meme	JUN_MOUSE.H11MO.0.A		DVTGAGTCAY	881	77.42	799	70.21	1.1	5	5.53e-5	-9.80	2.94e-2	-3.53	1.41e-4	-8.86
97	motif_db/MOUSE/HOCOMOCOv11_full_MOUSE_mono_meme_format.meme	NFIL3_MOUSE.H11MO.0.C		DRTTATGYAAB	83	7.29	41	3.60	2	12	6.72e-5	-9.61	3.57e-2	-3.33	1.70e-4	-8.68
98	motif_db/MOUSE/HOCOMOCOv11_full_MOUSE_mono_meme_format.meme	NKX61_MOUSE.H11MO.0.A		AYTAATKDSHWWTTAATKR	760	66.78	672	59.05	1.13	5.9	7.91e-5	-9.44	4.20e-2	-3.17	1.98e-4	-8.53
99	motif_db/MOUSE/HOCOMOCOv11_full_MOUSE_mono_meme_format.meme	NFIC_MOUSE.H11MO.1.A		YYTGGCWBNNNKCCM	1042	91.56	986	86.64	1.06	5.9	1.03e-4	-9.19	5.45e-2	-2.91	2.54e-4	-8.28
100	motif_db/MOUSE/HOCOMOCOv11_full_MOUSE_mono_meme_format.meme	FOXQ1_MOUSE.H11MO.0.C		HATTGTTTATTT	606	53.25	517	45.43	1.17	0.9	1.12e-4	-9.10	5.93e-2	-2.83	2.74e-4	-8.20
101	motif_db/MOUSE/HOCOMOCOv11_full_MOUSE_mono_meme_format.meme	NFIB_MOUSE.H11MO.0.C		CYTGGCWSV	725	63.71	639	56.15	1.13	8.2	1.38e-4	-8.89	7.30e-2	-2.62	3.35e-4	-8.00
102	motif_db/MOUSE/HOCOMOCOv11_full_MOUSE_mono_meme_format.meme	FUBP1_MOUSE.H11MO.0.D		TYGTNTTTTTTT	311	27.33	236	20.74	1.32	9.4	1.39e-4	-8.88	7.40e-2	-2.60	3.36e-4	-8.00
103	motif_db/MOUSE/HOCOMOCOv11_full_MOUSE_mono_meme_format.meme	PBX2_MOUSE.H11MO.0.C		KRAWKTGATTGATKS	592	52.02	505	44.38	1.17	6.9	1.54e-4	-8.78	8.15e-2	-2.51	3.66e-4	-7.91
104	motif_db/MOUSE/HOCOMOCOv11_full_MOUSE_mono_meme_format.meme	VDR_MOUSE.H11MO.1.A		WGRGKTCAB	376	33.04	297	26.10	1.27	9.3	1.68e-4	-8.69	8.93e-2	-2.42	3.97e-4	-7.83
105	motif_db/MOUSE/HOCOMOCOv11_full_MOUSE_mono_meme_format.meme	VSX2_MOUSE.H11MO.0.C		YTAATTAGCYTV	336	29.53	260	22.85	1.29	2.7	1.72e-4	-8.67	9.15e-2	-2.39	4.03e-4	-7.82
106	motif_db/MOUSE/HOCOMOCOv11_full_MOUSE_mono_meme_format.meme	DBP_MOUSE.H11MO.0.B		VTTATGYAABM	228	20.04	163	14.32	1.4	10	1.84e-4	-8.60	9.75e-2	-2.33	4.25e-4	-7.76
107	motif_db/MOUSE/HOCOMOCOv11_full_MOUSE_mono_meme_format.meme	THA_MOUSE.H11MO.1.C		TRAGGWCAS	366	32.16	289	25.40	1.27	9.4	2.15e-4	-8.45	1.14e-1	-2.17	4.93e-4	-7.62
108	motif_db/MOUSE/HOCOMOCOv11_full_MOUSE_mono_meme_format.meme	PPARA_MOUSE.H11MO.0.A		AASTRGGKSAAAGGTCA	576	50.62	492	43.23	1.17	7.1	2.44e-4	-8.32	1.29e-1	-2.04	5.54e-4	-7.50
109	motif_db/MOUSE/HOCOMOCOv11_full_MOUSE_mono_meme_format.meme	SOX2_MOUSE.H11MO.0.A		KCYWTTGTHATGCWAA	261	22.93	194	17.05	1.34	8.9	2.66e-4	-8.23	1.41e-1	-1.96	6.00e-4	-7.42
110	motif_db/MOUSE/HOCOMOCOv11_full_MOUSE_mono_meme_format.meme	HXA9_MOUSE.H11MO.0.B		RTGATTTATKR	410	36.03	332	29.17	1.23	8.2	2.85e-4	-8.16	1.51e-1	-1.89	6.37e-4	-7.36
111	motif_db/MOUSE/HOCOMOCOv11_full_MOUSE_mono_meme_format.meme	ETV5_MOUSE.H11MO.0.D		RRRSAGGAARDGRV	1067	93.76	1021	89.72	1.05	5.5	2.90e-4	-8.14	1.54e-1	-1.87	6.42e-4	-7.35
112	motif_db/MOUSE/HOCOMOCOv11_full_MOUSE_mono_meme_format.meme	COT2_MOUSE.H11MO.0.A		BMARAGGTCARRR	330	29.00	258	22.67	1.28	9.2	3.33e-4	-8.01	1.77e-1	-1.73	7.31e-4	-7.22
113	motif_db/MOUSE/HOCOMOCOv11_full_MOUSE_mono_meme_format.meme	HXC6_MOUSE.H11MO.0.D		ATGATTTATTACTTT	76	6.68	40	3.51	1.88	6.7	3.92e-4	-7.84	2.08e-1	-1.57	8.52e-4	-7.07
114	motif_db/MOUSE/HOCOMOCOv11_full_MOUSE_mono_meme_format.meme	MSX3_MOUSE.H11MO.0.D		TAATTGSWWTTTAATTG	227	19.95	166	14.59	1.37	1	4.30e-4	-7.75	2.29e-1	-1.48	9.27e-4	-6.98
115	motif_db/MOUSE/HOCOMOCOv11_full_MOUSE_mono_meme_format.meme	HXA10_MOUSE.H11MO.0.C		KATRRTTTATGW	426	37.43	350	30.76	1.22	7.9	4.53e-4	-7.70	2.41e-1	-1.42	9.61e-4	-6.95
116	motif_db/MOUSE/HOCOMOCOv11_full_MOUSE_mono_meme_format.meme	EVX1_MOUSE.H11MO.0.C		TGATTTATKGCYW	992	87.17	934	82.07	1.06	4.6	4.54e-4	-7.70	2.41e-1	-1.42	9.61e-4	-6.95
117	motif_db/MOUSE/HOCOMOCOv11_full_MOUSE_mono_meme_format.meme	RARA_MOUSE.H11MO.3.A		SMVAGGTCAGRG	62	5.45	31	2.72	1.97	12	6.84e-4	-7.29	3.63e-1	-1.01	1.44e-3	-6.55
118	motif_db/MOUSE/HOCOMOCOv11_full_MOUSE_mono_meme_format.meme	RORA_MOUSE.H11MO.0.C		AWSTRGGTCARRG	917	80.58	853	74.96	1.07	6.5	7.39e-4	-7.21	3.93e-1	-0.94	1.54e-3	-6.48
119	motif_db/MOUSE/HOCOMOCOv11_full_MOUSE_mono_meme_format.meme	E2F4_MOUSE.H11MO.0.A		RGGGGGCGGGRMNN	430	37.79	357	31.37	1.2	7	7.50e-4	-7.20	3.98e-1	-0.92	1.55e-3	-6.47
120	motif_db/MOUSE/HOCOMOCOv11_full_MOUSE_mono_meme_format.meme	TFDP1_MOUSE.H11MO.0.D		RRRRGGCGGGAARN	719	63.18	644	56.59	1.12	5.6	7.73e-4	-7.17	4.10e-1	-0.89	1.58e-3	-6.45
121	motif_db/MOUSE/HOCOMOCOv11_full_MOUSE_mono_meme_format.meme	ELF2_MOUSE.H11MO.0.C		TDNCAGGAAGTRRVT	245	21.53	185	16.26	1.32	8	7.81e-4	-7.16	4.15e-1	-0.88	1.59e-3	-6.45
122	motif_db/MOUSE/HOCOMOCOv11_full_MOUSE_mono_meme_format.meme	PAX5_MOUSE.H11MO.0.A		VDRVKCAGYSRAGCGTGAC	737	64.76	663	58.26	1.11	5.6	8.27e-4	-7.10	4.39e-1	-0.82	1.67e-3	-6.40
123	motif_db/MOUSE/HOCOMOCOv11_full_MOUSE_mono_meme_format.meme	PRRX2_MOUSE.H11MO.0.C		YTAATTR	104	9.14	64	5.62	1.62	12	8.49e-4	-7.07	4.51e-1	-0.80	1.69e-3	-6.38
124	motif_db/MOUSE/HOCOMOCOv11_full_MOUSE_mono_meme_format.meme	HXB4_MOUSE.H11MO.0.A		YTAATGRC	870	76.45	803	70.56	1.08	6.4	8.53e-4	-7.07	4.53e-1	-0.79	1.69e-3	-6.38
125	motif_db/MOUSE/HOCOMOCOv11_full_MOUSE_mono_meme_format.meme	FOSL2_MOUSE.H11MO.0.A		KVTGAGTCABY	388	34.09	318	27.94	1.22	7	8.79e-4	-7.04	4.67e-1	-0.76	1.73e-3	-6.36
126	motif_db/MOUSE/HOCOMOCOv11_full_MOUSE_mono_meme_format.meme	ZN322_MOUSE.H11MO.0.B		GAGCCTGSTACWSWGCCTGR	112	9.84	71	6.24	1.57	11	9.88e-4	-6.92	5.25e-1	-0.64	1.93e-3	-6.25
127	motif_db/MOUSE/HOCOMOCOv11_full_MOUSE_mono_meme_format.meme	NFIC_MOUSE.H11MO.0.A		TYYTGGCWS	798	70.12	728	63.97	1.1	8.1	1.04e-3	-6.87	5.52e-1	-0.59	2.01e-3	-6.21
128	motif_db/MOUSE/HOCOMOCOv11_full_MOUSE_mono_meme_format.meme	RFX6_MOUSE.H11MO.1.C		KGTTGCYRGGRDAC	887	77.94	823	72.32	1.08	5.4	1.12e-3	-6.80	5.93e-1	-0.52	2.14e-3	-6.15
129	motif_db/MOUSE/HOCOMOCOv11_full_MOUSE_mono_meme_format.meme	PIT1_MOUSE.H11MO.0.C		YTMATGAATATWY	207	18.19	153	13.44	1.35	10	1.15e-3	-6.77	6.10e-1	-0.49	2.18e-3	-6.13
130	motif_db/MOUSE/HOCOMOCOv11_full_MOUSE_mono_meme_format.meme	NR2E3_MOUSE.H11MO.0.C		AAAGTCAAAAGTCA	383	33.66	315	27.68	1.22	7.7	1.15e-3	-6.76	6.13e-1	-0.49	2.18e-3	-6.13
131	motif_db/MOUSE/HOCOMOCOv11_full_MOUSE_mono_meme_format.meme	ESR2_MOUSE.H11MO.0.A		RGGTCASCSTGMCCY	227	19.95	171	15.03	1.33	9.4	1.19e-3	-6.74	6.31e-1	-0.46	2.23e-3	-6.11
132	motif_db/MOUSE/HOCOMOCOv11_full_MOUSE_mono_meme_format.meme	NR1I2_MOUSE.H11MO.1.D		RAGTTCAB	185	16.26	134	11.78	1.38	11	1.25e-3	-6.69	6.63e-1	-0.41	2.32e-3	-6.07
133	motif_db/MOUSE/HOCOMOCOv11_full_MOUSE_mono_meme_format.meme	CEBPB_MOUSE.H11MO.0.A		DRTTGYGCAAY	143	12.57	98	8.61	1.45	11	1.33e-3	-6.62	7.07e-1	-0.35	2.46e-3	-6.01
134	motif_db/MOUSE/HOCOMOCOv11_full_MOUSE_mono_meme_format.meme	ETV2_MOUSE.H11MO.0.A		RRARRCAGGAARYRGS	859	75.48	795	69.86	1.08	2.8	1.51e-3	-6.49	8.04e-1	-0.22	2.77e-3	-5.89
135	motif_db/MOUSE/HOCOMOCOv11_full_MOUSE_mono_meme_format.meme	BRAC_MOUSE.H11MO.1.C		WGKSTGTSAATTY	1042	91.56	998	87.70	1.04	5.4	1.52e-3	-6.49	8.09e-1	-0.21	2.77e-3	-5.89
136	motif_db/MOUSE/HOCOMOCOv11_full_MOUSE_mono_meme_format.meme	FOXO4_MOUSE.H11MO.0.C		TTGTTTAYK	539	47.36	468	41.12	1.15	7.5	1.56e-3	-6.46	8.30e-1	-0.19	2.82e-3	-5.87
137	motif_db/MOUSE/HOCOMOCOv11_full_MOUSE_mono_meme_format.meme	FLI1_MOUSE.H11MO.0.A		GGVRCCGGAAGYGS	870	76.45	807	70.91	1.08	4.1	1.57e-3	-6.45	8.36e-1	-0.18	2.82e-3	-5.87
138	motif_db/MOUSE/HOCOMOCOv11_full_MOUSE_mono_meme_format.meme	BACH2_MOUSE.H11MO.0.A		TGCTGAGTCAY	317	27.86	255	22.41	1.24	8.4	1.59e-3	-6.44	8.45e-1	-0.17	2.83e-3	-5.87
139	motif_db/MOUSE/HOCOMOCOv11_full_MOUSE_mono_meme_format.meme	BARX2_MOUSE.H11MO.0.D		TYRWTAATKR	64	5.62	35	3.08	1.81	12	1.90e-3	-6.26	1.01e0	0.01	3.36e-3	-5.70
140	motif_db/MOUSE/HOCOMOCOv11_full_MOUSE_mono_meme_format.meme	STAT4_MOUSE.H11MO.0.A		YTTCCYGGAA	514	45.17	445	39.10	1.15	8.2	1.94e-3	-6.24	1.03e0	0.03	3.41e-3	-5.68
141	motif_db/MOUSE/HOCOMOCOv11_full_MOUSE_mono_meme_format.meme	JUNB_MOUSE.H11MO.0.A		VTGAGTCAY	724	63.62	656	57.64	1.1	6.5	2.02e-3	-6.21	1.07e0	0.07	3.51e-3	-5.65
142	motif_db/MOUSE/HOCOMOCOv11_full_MOUSE_mono_meme_format.meme	HXD10_MOUSE.H11MO.0.D		TGCTTTAATT	490	43.06	422	37.08	1.16	8.6	2.07e-3	-6.18	1.10e0	0.10	3.59e-3	-5.63
143	motif_db/MOUSE/HOCOMOCOv11_full_MOUSE_mono_meme_format.meme	TEAD2_MOUSE.H11MO.0.C		HYACATTCCWGG	217	19.07	165	14.50	1.31	9.6	2.09e-3	-6.17	1.11e0	0.11	3.60e-3	-5.63
144	motif_db/MOUSE/HOCOMOCOv11_full_MOUSE_mono_meme_format.meme	MEF2A_MOUSE.H11MO.0.A		DKCTATTTTTRGMH	697	61.25	629	55.27	1.11	6.6	2.19e-3	-6.12	1.17e0	0.15	3.74e-3	-5.59
145	motif_db/MOUSE/HOCOMOCOv11_full_MOUSE_mono_meme_format.meme	SRY_MOUSE.H11MO.0.B		YWTTGTTTH	1053	92.53	1013	89.02	1.04	5.5	2.32e-3	-6.07	1.23e0	0.21	3.93e-3	-5.54
146	motif_db/MOUSE/HOCOMOCOv11_full_MOUSE_mono_meme_format.meme	COT2_MOUSE.H11MO.2.B		RGRGYCARAGGTCARVR	943	82.86	890	78.21	1.06	5.7	2.93e-3	-5.83	1.56e0	0.44	4.93e-3	-5.31
147	motif_db/MOUSE/HOCOMOCOv11_full_MOUSE_mono_meme_format.meme	PO4F2_MOUSE.H11MO.0.D		YATTAATGAGYTK	226	19.86	175	15.38	1.29	8.3	2.95e-3	-5.83	1.57e0	0.45	4.93e-3	-5.31
148	motif_db/MOUSE/HOCOMOCOv11_full_MOUSE_mono_meme_format.meme	PO2F2_MOUSE.H11MO.0.B		AYATGCAAATK	942	82.78	889	78.12	1.06	5.1	2.97e-3	-5.82	1.58e0	0.46	4.94e-3	-5.31
149	motif_db/MOUSE/HOCOMOCOv11_full_MOUSE_mono_meme_format.meme	PO5F1_MOUSE.H11MO.0.A		CYWTTGWHATGCAAAT	288	25.31	232	20.39	1.24	7.7	3.00e-3	-5.81	1.59e0	0.47	4.95e-3	-5.31
150	motif_db/MOUSE/HOCOMOCOv11_full_MOUSE_mono_meme_format.meme	GABPA_MOUSE.H11MO.0.A		GGVRCCGGAAGTGV	709	62.30	644	56.59	1.1	3.5	3.14e-3	-5.76	1.67e0	0.51	5.14e-3	-5.27
151	motif_db/MOUSE/HOCOMOCOv11_full_MOUSE_mono_meme_format.meme	HXA1_MOUSE.H11MO.0.C		TKGATGGATG	975	85.68	926	81.37	1.05	1.5	3.31e-3	-5.71	1.76e0	0.57	5.39e-3	-5.22
152	motif_db/MOUSE/HOCOMOCOv11_full_MOUSE_mono_meme_format.meme	NR2C1_MOUSE.H11MO.0.C		GSYVAGAGGTCAB	288	25.31	233	20.47	1.24	8.3	3.51e-3	-5.65	1.86e0	0.62	5.67e-3	-5.17
153	motif_db/MOUSE/HOCOMOCOv11_full_MOUSE_mono_meme_format.meme	MEIS1_MOUSE.H11MO.0.A		RTGATTKATKRB	555	48.77	490	43.06	1.13	7.3	3.54e-3	-5.64	1.88e0	0.63	5.69e-3	-5.17
154	motif_db/MOUSE/HOCOMOCOv11_full_MOUSE_mono_meme_format.meme	PO2F1_MOUSE.H11MO.0.C		AWKBRWATGSAAWYAW	822	72.23	762	66.96	1.08	5.5	3.58e-3	-5.63	1.90e0	0.64	5.71e-3	-5.17
155	motif_db/MOUSE/HOCOMOCOv11_full_MOUSE_mono_meme_format.meme	E2F6_MOUSE.H11MO.0.A		NKGGCGGGARRG	901	79.17	846	74.34	1.06	4.3	3.67e-3	-5.61	1.95e0	0.67	5.81e-3	-5.15
156	motif_db/MOUSE/HOCOMOCOv11_full_MOUSE_mono_meme_format.meme	STA5A_MOUSE.H11MO.0.A		TTCCMRGAAA	1050	92.27	1012	88.93	1.04	2	3.88e-3	-5.55	2.06e0	0.72	6.11e-3	-5.10
157	motif_db/MOUSE/HOCOMOCOv11_full_MOUSE_mono_meme_format.meme	NFIA_MOUSE.H11MO.1.D		MTTGGCW	1066	93.67	1031	90.60	1.03	5.8	3.98e-3	-5.53	2.11e0	0.75	6.22e-3	-5.08
158	motif_db/MOUSE/HOCOMOCOv11_full_MOUSE_mono_meme_format.meme	SOX10_MOUSE.H11MO.1.A		BYCTTTGTBYB	892	78.38	837	73.55	1.07	6.5	4.02e-3	-5.52	2.13e0	0.76	6.25e-3	-5.08
159	motif_db/MOUSE/HOCOMOCOv11_full_MOUSE_mono_meme_format.meme	IRF4_MOUSE.H11MO.0.A		RAAARRGGAASTGARASH	605	53.16	541	47.54	1.12	6.5	4.12e-3	-5.49	2.19e0	0.78	6.37e-3	-5.06
160	motif_db/MOUSE/HOCOMOCOv11_full_MOUSE_mono_meme_format.meme	MAFK_MOUSE.H11MO.1.A		TGCTGAGTCAGCA	1068	93.85	1034	90.86	1.03	3.2	4.53e-3	-5.40	2.41e0	0.88	6.94e-3	-4.97
161	motif_db/MOUSE/HOCOMOCOv11_full_MOUSE_mono_meme_format.meme	SOX9_MOUSE.H11MO.1.A		YCTTTGTTCYB	955	83.92	906	79.61	1.05	6.5	4.56e-3	-5.39	2.42e0	0.88	6.94e-3	-4.97
162	motif_db/MOUSE/HOCOMOCOv11_full_MOUSE_mono_meme_format.meme	RFX6_MOUSE.H11MO.0.C		SKGTTGCYNDG	315	27.68	260	22.85	1.21	9.2	4.58e-3	-5.39	2.43e0	0.89	6.94e-3	-4.97
163	motif_db/MOUSE/HOCOMOCOv11_full_MOUSE_mono_meme_format.meme	NR2F6_MOUSE.H11MO.0.D		RGGWCAAAGKTCANNKRR	1001	87.96	957	84.09	1.05	2.3	4.62e-3	-5.38	2.46e0	0.90	6.97e-3	-4.97
164	motif_db/MOUSE/HOCOMOCOv11_full_MOUSE_mono_meme_format.meme	TBX20_MOUSE.H11MO.0.C		DRGTGHTGACAGSH	319	28.03	264	23.20	1.21	8.5	4.74e-3	-5.35	2.52e0	0.92	7.10e-3	-4.95
165	motif_db/MOUSE/HOCOMOCOv11_full_MOUSE_mono_meme_format.meme	TEAD4_MOUSE.H11MO.0.A		RCATTCCWGRSATDY	248	21.79	198	17.40	1.25	9.5	4.81e-3	-5.34	2.55e0	0.94	7.16e-3	-4.94
166	motif_db/MOUSE/HOCOMOCOv11_full_MOUSE_mono_meme_format.meme	RXRA_MOUSE.H11MO.2.A		RRGGTCAAGG	375	32.95	318	27.94	1.18	8.7	5.36e-3	-5.23	2.85e0	1.05	7.93e-3	-4.84
167	motif_db/MOUSE/HOCOMOCOv11_full_MOUSE_mono_meme_format.meme	IRF8_MOUSE.H11MO.0.A		RAAARRGGAASTGAAASTDR	1056	92.79	1021	89.72	1.03	0.2	5.74e-3	-5.16	3.05e0	1.11	8.40e-3	-4.78
168	motif_db/MOUSE/HOCOMOCOv11_full_MOUSE_mono_meme_format.meme	CEBPD_MOUSE.H11MO.0.B		RRTKDBGCAAT	413	36.29	355	31.20	1.16	8.5	5.74e-3	-5.16	3.05e0	1.11	8.40e-3	-4.78
169	motif_db/MOUSE/HOCOMOCOv11_full_MOUSE_mono_meme_format.meme	TBP_MOUSE.H11MO.0.A		STATAAAARS	366	32.16	310	27.24	1.18	8.7	5.80e-3	-5.15	3.08e0	1.13	8.44e-3	-4.78
170	motif_db/MOUSE/HOCOMOCOv11_full_MOUSE_mono_meme_format.meme	MAFA_MOUSE.H11MO.0.D		BTGCTGASTCWGB	452	39.72	393	34.53	1.15	8.3	5.92e-3	-5.13	3.14e0	1.15	8.55e-3	-4.76
171	motif_db/MOUSE/HOCOMOCOv11_full_MOUSE_mono_meme_format.meme	MITF_MOUSE.H11MO.0.A		YCWYGTGACY	410	36.03	353	31.02	1.16	8.6	6.44e-3	-5.05	3.42e0	1.23	9.25e-3	-4.68
172	motif_db/MOUSE/HOCOMOCOv11_full_MOUSE_mono_meme_format.meme	ETV6_MOUSE.H11MO.0.C		RCAGGAARK	950	83.48	903	79.35	1.05	6.6	6.56e-3	-5.03	3.48e0	1.25	9.37e-3	-4.67
173	motif_db/MOUSE/HOCOMOCOv11_full_MOUSE_mono_meme_format.meme	E2F7_MOUSE.H11MO.0.C		GDGGCGGGAARDR	882	77.50	830	72.93	1.06	5.5	6.62e-3	-5.02	3.52e0	1.26	9.40e-3	-4.67
174	motif_db/MOUSE/HOCOMOCOv11_full_MOUSE_mono_meme_format.meme	FOXD1_MOUSE.H11MO.0.D		CWWTGTTTACHTWVR	139	12.21	102	8.96	1.36	10	7.03e-3	-4.96	3.73e0	1.32	9.92e-3	-4.61
175	motif_db/MOUSE/HOCOMOCOv11_full_MOUSE_mono_meme_format.meme	MEF2D_MOUSE.H11MO.0.A		DKCTATTTTTAGMH	791	69.51	735	64.59	1.08	4.2	7.08e-3	-4.95	3.76e0	1.32	9.93e-3	-4.61
176	motif_db/MOUSE/HOCOMOCOv11_full_MOUSE_mono_meme_format.meme	SIX2_MOUSE.H11MO.0.A		TGWAAYHTGAKMCB	850	74.69	797	70.04	1.07	5.5	7.38e-3	-4.91	3.92e0	1.37	1.03e-2	-4.58
177	motif_db/MOUSE/HOCOMOCOv11_full_MOUSE_mono_meme_format.meme	PO5F1_MOUSE.H11MO.1.A		WATGCWAAT	940	82.60	893	78.47	1.05	6.4	7.41e-3	-4.91	3.93e0	1.37	1.03e-2	-4.58
178	motif_db/MOUSE/HOCOMOCOv11_full_MOUSE_mono_meme_format.meme	NANOG_MOUSE.H11MO.0.A		BCYWTTGTBATGYWAAT	934	82.07	887	77.94	1.05	4.9	7.93e-3	-4.84	4.21e0	1.44	1.09e-2	-4.52
179	motif_db/MOUSE/HOCOMOCOv11_full_MOUSE_mono_meme_format.meme	THB_MOUSE.H11MO.0.D		RRGGTCABYBNRGGACA	760	66.78	704	61.86	1.08	6.9	8.04e-3	-4.82	4.27e0	1.45	1.10e-2	-4.51
180	motif_db/MOUSE/HOCOMOCOv11_full_MOUSE_mono_meme_format.meme	TEAD1_MOUSE.H11MO.0.A		RCATTCCWGSV	204	17.93	161	14.15	1.27	9.9	8.17e-3	-4.81	4.34e0	1.47	1.12e-2	-4.50
181	motif_db/MOUSE/HOCOMOCOv11_full_MOUSE_mono_meme_format.meme	FOXA1_MOUSE.H11MO.0.A		TGTTTACWYW	94	8.26	64	5.62	1.46	12	8.27e-3	-4.80	4.39e0	1.48	1.12e-2	-4.49
182	motif_db/MOUSE/HOCOMOCOv11_full_MOUSE_mono_meme_format.meme	MXI1_MOUSE.H11MO.1.A		MCACGTGS	82	7.21	54	4.75	1.51	12	8.34e-3	-4.79	4.43e0	1.49	1.13e-2	-4.49
183	motif_db/MOUSE/HOCOMOCOv11_full_MOUSE_mono_meme_format.meme	NR0B1_MOUSE.H11MO.0.D		GMGKGGGASR	892	78.38	843	74.08	1.06	5.4	9.02e-3	-4.71	4.79e0	1.57	1.21e-2	-4.41
184	motif_db/MOUSE/HOCOMOCOv11_full_MOUSE_mono_meme_format.meme	LHX2_MOUSE.H11MO.0.A		NYTAATKRGB	29	2.55	13	1.14	2.14	13	9.21e-3	-4.69	4.89e0	1.59	1.23e-2	-4.40
185	motif_db/MOUSE/HOCOMOCOv11_full_MOUSE_mono_meme_format.meme	LEF1_MOUSE.H11MO.0.B		BCCTTTSWWNTBYH	238	20.91	193	16.96	1.23	9.4	9.25e-3	-4.68	4.91e0	1.59	1.23e-2	-4.40
186	motif_db/MOUSE/HOCOMOCOv11_full_MOUSE_mono_meme_format.meme	NFIA_MOUSE.H11MO.0.C		TTGGCHNRNWGCCAR	575	50.53	518	45.52	1.11	7.6	9.39e-3	-4.67	4.99e0	1.61	1.24e-2	-4.39
187	motif_db/MOUSE/HOCOMOCOv11_full_MOUSE_mono_meme_format.meme	ARNT2_MOUSE.H11MO.0.D		GNCGTGGSASRC	774	68.01	720	63.27	1.07	6	9.65e-3	-4.64	5.12e0	1.63	1.27e-2	-4.37
188	motif_db/MOUSE/HOCOMOCOv11_full_MOUSE_mono_meme_format.meme	MXI1_MOUSE.H11MO.0.A		VCACGTGGSNGSBGS	556	48.86	500	43.94	1.11	6.4	1.04e-2	-4.57	5.51e0	1.71	1.36e-2	-4.30
189	motif_db/MOUSE/HOCOMOCOv11_full_MOUSE_mono_meme_format.meme	CEBPA_MOUSE.H11MO.0.A		DRTTGTGCAAY	298	26.19	250	21.97	1.19	8.9	1.06e-2	-4.55	5.62e0	1.73	1.38e-2	-4.29
190	motif_db/MOUSE/HOCOMOCOv11_full_MOUSE_mono_meme_format.meme	HEY2_MOUSE.H11MO.0.D		GKBGGCWCGTGGCHTBV	758	66.61	705	61.95	1.08	0.76	1.14e-2	-4.47	6.08e0	1.80	1.48e-2	-4.21
191	motif_db/MOUSE/HOCOMOCOv11_full_MOUSE_mono_meme_format.meme	ATF3_MOUSE.H11MO.0.A		VTGAGTCAB	288	25.31	242	21.27	1.19	9.2	1.28e-2	-4.36	6.79e0	1.92	1.64e-2	-4.11
192	motif_db/MOUSE/HOCOMOCOv11_full_MOUSE_mono_meme_format.meme	NF2L2_MOUSE.H11MO.0.A		RTGACTCAGCADWW	646	56.77	592	52.02	1.09	7	1.28e-2	-4.35	6.82e0	1.92	1.64e-2	-4.11
193	motif_db/MOUSE/HOCOMOCOv11_full_MOUSE_mono_meme_format.meme	FOSL1_MOUSE.H11MO.0.A		KRVTGAGTCAYH	180	15.82	142	12.48	1.27	8.4	1.30e-2	-4.34	6.89e0	1.93	1.65e-2	-4.10
194	motif_db/MOUSE/HOCOMOCOv11_full_MOUSE_mono_meme_format.meme	NR4A1_MOUSE.H11MO.0.B		RAAADGKCA	200	17.57	161	14.15	1.24	9.4	1.46e-2	-4.23	7.73e0	2.05	1.84e-2	-3.99
195	motif_db/MOUSE/HOCOMOCOv11_full_MOUSE_mono_meme_format.meme	IRF7_MOUSE.H11MO.0.C		GAAASYGAAA	808	71.00	759	66.70	1.06	6.4	1.49e-2	-4.21	7.91e0	2.07	1.88e-2	-3.98
196	motif_db/MOUSE/HOCOMOCOv11_full_MOUSE_mono_meme_format.meme	P73_MOUSE.H11MO.1.B		GRRCATGYCTGG	218	19.16	178	15.64	1.22	9.9	1.55e-2	-4.17	8.22e0	2.11	1.93e-2	-3.95
197	motif_db/MOUSE/HOCOMOCOv11_full_MOUSE_mono_meme_format.meme	DLX2_MOUSE.H11MO.0.D		ATAATTRB	767	67.40	717	63.01	1.07	4.7	1.55e-2	-4.17	8.24e0	2.11	1.93e-2	-3.95
198	motif_db/MOUSE/HOCOMOCOv11_full_MOUSE_mono_meme_format.meme	PROP1_MOUSE.H11MO.0.C		TAATTRRATTA	835	73.37	788	69.24	1.06	4.6	1.65e-2	-4.10	8.76e0	2.17	2.05e-2	-3.89

# SEA (Simple Enrichment Analysis): Version 5.5.0 compiled on Oct  9 2022 at 13:49:21
# The format of this file is described at https://meme-suite.org/meme/doc/sea-output-format.html.
# sea --verbosity 1 --oc . --thresh 10.0 --align center --p DARs_nearSexBiasedGenes_fWTvsmWT_F.bed.fa --m motif_db/MOUSE/HOCOMOCOv11_full_MOUSE_mono_meme_format.meme
